Ano,ESP,Vagas,Inscritos,Aprovados,Media,Max,Min,Desvio Padrao
2020.0,ELN,3.0,25.0,15.0,7.833873333333333,8.45,7.2333,0.3375094442417589
2022.0,ELN,3.0,24.0,15.0,8.460746666666667,9.1222,7.9111,0.3804147808955501
2023.0,ELN,4.0,29.0,20.0,7.396400000000002,8.1556,6.6389,0.5745713074705532
2024.0,,,,,7.709836666666689,8.491700000000009,6.97780000000003,
