Ano,ESP,Vagas,Inscritos,Aprovados,Media,Max,Min,Desvio Padrao
2020,ELN,3,25,15,7.833873333333333,8.45,7.2333,0.33750944424175894
2022,ELN,3,24,15,8.460746666666667,9.1222,7.9111,0.38041478089555014
2023,ELN,4,29,20,7.396400000000002,8.1556,6.6389,0.5745713074705532
